{
  "accuracy": 0.9981451013524244,
  "precision": 0.9980571154818619,
  "recall_tpr": 1.0,
  "f1": 0.9990276131232267,
  "fpr": 0.039347796792885054,
  "tnr_specificity": 0.960652203207115,
  "mse": 0.0018548986475756092,
  "support": {
    "0": 7421,
    "1": 150000
  },
  "auc": 0.9987454130171135
}