{
  "accuracy": 0.9956217162872154,
  "precision": 0.9947552447552448,
  "recall_tpr": 0.9964973730297724,
  "f1": 0.9956255468066492,
  "mse": 0.0043782837127845885,
  "support": {
    "0": 571,
    "1": 571
  },
  "auc": 0.9999631948129223,
  "fpr": 0.005253940455341506,
  "tnr_specificity": 0.9947460595446584
}